z_mm,outer_points,outer_median_radius_mm,outer_radius_p05_mm,outer_radius_p95_mm,inner_points,inner_median_radius_mm,inner_radius_p05_mm,inner_radius_p95_mm
3.0,1161,29.89602021513508,28.982936964144155,30.250074393599757,2,,,
4.0,1161,29.941382696485686,29.022535789213723,30.323587350172495,0,,,
5.0,1146,29.94060236066288,29.064639025644652,30.35318355325476,0,,,
6.0,1161,29.940433426833234,29.129322427919153,30.3394527282905,0,,,
7.0,1148,29.92430432615332,29.15329870524116,30.287499864119432,0,,,
8.0,1137,29.797904372820135,29.179427793559242,30.213460110917634,0,,,
9.0,1096,29.733666611030074,29.207046212974156,30.141902180792684,0,,,
10.0,1112,29.736212932665005,29.26210733548938,30.071928762847968,0,,,
11.0,1101,29.735281005090616,29.44184970358892,30.00270733116865,0,,,
12.0,1151,29.72318949456632,29.46426650375817,29.965461848184226,0,,,
13.0,1181,29.718365544880456,29.45303151213362,29.903390494739497,106,27.373479271573636,27.284082149887105,27.476379936921056
14.0,1145,29.743478215411614,29.41486081160367,29.925196953405933,344,27.37911193131155,27.264059874635784,27.47336431545027
15.0,1162,29.74417976329869,29.428583481217245,29.860146499748122,520,27.444361629806007,27.29774678531211,27.54516592996912
16.0,1203,29.7469192435256,29.40875647511793,29.831368898657793,674,27.51072171356204,27.33980367083081,27.634402381465346
17.0,1217,29.75304646923682,29.320289841870718,29.85249521481005,804,27.504797943634703,27.346205691073287,27.65848668479775
18.0,1246,29.751273086108725,29.288034806367577,29.88814023125028,802,27.483281870584783,27.371678279735715,27.690698465667847
19.0,1290,29.731706880074334,29.289025606163946,29.932764335964126,804,27.465363555738804,27.32604594342949,27.732534960757068
20.0,1259,29.693371341542548,29.290133848522505,29.98574241145615,872,27.441065295589787,27.30769782546153,27.808211531926037
21.0,1315,29.67829652353777,29.249357008628397,30.026528146531923,834,27.400180679898813,27.273840010181782,27.87959840041959
22.0,1265,29.67097831264469,29.20822148300717,30.082612964610384,865,27.39613852146015,27.251539731697697,27.970375778972222
23.0,1261,29.861900403366917,29.152034385887816,30.13283302114464,826,27.39161128904896,27.20370060591024,28.03098802465182
24.0,1248,29.89047403222779,29.17558779280021,30.205830390951622,867,27.400063731732644,27.17807432533109,28.125615466278973
25.0,1102,29.51476983441014,29.107010271541018,30.31111157729637,547,27.216400658520488,27.135341769519375,27.711732749333386
26.0,680,29.31456871396201,29.102069044708603,29.629605091544043,446,27.160412245821224,27.067716922728977,27.3392694597426
