z_mm,radius_mm,diameter_mm,angular_coverage_percent,basis
0.0,6.247861730125572,12.495723460251144,,completed planar cap endpoint using baseline radius
0.5,6.286101875290386,12.572203750580773,73.61111111111111,median of observed 5-degree angular bins; partial if coverage below 85%
0.75,6.436925912086728,12.873851824173457,84.72222222222221,median of observed 5-degree angular bins; partial if coverage below 85%
1.0,6.514733192818538,13.029466385637075,100.0,median of observed 5-degree angular bins; partial if coverage below 85%
1.25,6.498512635686294,12.997025271372587,100.0,median of observed 5-degree angular bins; partial if coverage below 85%
1.5,6.427788741261721,12.855577482523442,100.0,median of observed 5-degree angular bins; partial if coverage below 85%
1.75,6.331181437666916,12.662362875333832,100.0,median of observed 5-degree angular bins; partial if coverage below 85%
2.0,6.2515719322428716,12.503143864485743,100.0,median of observed 5-degree angular bins; partial if coverage below 85%
2.25,6.187920448026356,12.375840896052711,100.0,median of observed 5-degree angular bins; partial if coverage below 85%
2.5,6.171151676633238,12.342303353266477,100.0,median of observed 5-degree angular bins; partial if coverage below 85%
2.75,6.177691008857321,12.355382017714643,100.0,median of observed 5-degree angular bins; partial if coverage below 85%
3.0,6.172252465110947,12.344504930221895,100.0,median of observed 5-degree angular bins; partial if coverage below 85%
3.25,6.161783208912095,12.32356641782419,100.0,median of observed 5-degree angular bins; partial if coverage below 85%
3.5,6.175041626502388,12.350083253004776,100.0,median of observed 5-degree angular bins; partial if coverage below 85%
3.75,6.199111613213036,12.398223226426072,100.0,median of observed 5-degree angular bins; partial if coverage below 85%
4.0,6.217199546834987,12.434399093669974,100.0,median of observed 5-degree angular bins; partial if coverage below 85%
4.25,6.22825740545386,12.45651481090772,100.0,median of observed 5-degree angular bins; partial if coverage below 85%
4.5,6.238251265443974,12.476502530887949,100.0,median of observed 5-degree angular bins; partial if coverage below 85%
4.75,6.236223406582464,12.472446813164929,100.0,median of observed 5-degree angular bins; partial if coverage below 85%
5.0,6.228097132022522,12.456194264045044,100.0,median of observed 5-degree angular bins; partial if coverage below 85%
5.25,6.2249324913669035,12.449864982733807,100.0,median of observed 5-degree angular bins; partial if coverage below 85%
5.5,6.223677876977039,12.447355753954078,100.0,median of observed 5-degree angular bins; partial if coverage below 85%
5.75,6.228131456590191,12.456262913180382,100.0,median of observed 5-degree angular bins; partial if coverage below 85%
6.0,6.232391624371676,12.464783248743352,100.0,median of observed 5-degree angular bins; partial if coverage below 85%
6.25,6.231775308128979,12.463550616257958,100.0,median of observed 5-degree angular bins; partial if coverage below 85%
6.5,6.217128578871392,12.434257157742785,100.0,median of observed 5-degree angular bins; partial if coverage below 85%
6.75,6.215807734762036,12.431615469524072,100.0,median of observed 5-degree angular bins; partial if coverage below 85%
7.0,6.219932052366994,12.439864104733989,100.0,median of observed 5-degree angular bins; partial if coverage below 85%
7.25,6.243443402799359,12.486886805598719,100.0,median of observed 5-degree angular bins; partial if coverage below 85%
7.5,6.242236287426218,12.484472574852436,100.0,median of observed 5-degree angular bins; partial if coverage below 85%
7.75,6.246424120697514,12.492848241395029,100.0,median of observed 5-degree angular bins; partial if coverage below 85%
8.0,6.234251799981969,12.468503599963938,100.0,median of observed 5-degree angular bins; partial if coverage below 85%
8.25,6.2431414895907515,12.486282979181503,100.0,median of observed 5-degree angular bins; partial if coverage below 85%
8.5,6.241148442719431,12.482296885438862,100.0,median of observed 5-degree angular bins; partial if coverage below 85%
8.75,6.248489665591837,12.496979331183674,100.0,median of observed 5-degree angular bins; partial if coverage below 85%
9.0,6.253611043350867,12.507222086701734,100.0,median of observed 5-degree angular bins; partial if coverage below 85%
9.25,6.267724817963019,12.535449635926039,100.0,median of observed 5-degree angular bins; partial if coverage below 85%
9.5,6.258879416718349,12.517758833436698,100.0,median of observed 5-degree angular bins; partial if coverage below 85%
9.75,6.256127144426253,12.512254288852507,100.0,median of observed 5-degree angular bins; partial if coverage below 85%
10.0,6.248662918112846,12.497325836225691,100.0,median of observed 5-degree angular bins; partial if coverage below 85%
10.25,6.244328447537156,12.488656895074312,100.0,median of observed 5-degree angular bins; partial if coverage below 85%
10.5,6.2375985659570805,12.475197131914161,100.0,median of observed 5-degree angular bins; partial if coverage below 85%
10.75,6.231098903472574,12.462197806945149,100.0,median of observed 5-degree angular bins; partial if coverage below 85%
11.0,6.234501053952169,12.469002107904338,100.0,median of observed 5-degree angular bins; partial if coverage below 85%
11.25,6.242055109929381,12.484110219858762,100.0,median of observed 5-degree angular bins; partial if coverage below 85%
11.5,6.2426712343925,12.485342468785,100.0,median of observed 5-degree angular bins; partial if coverage below 85%
11.75,6.2453362438448785,12.490672487689757,100.0,median of observed 5-degree angular bins; partial if coverage below 85%
12.0,6.2431960617462545,12.486392123492509,100.0,median of observed 5-degree angular bins; partial if coverage below 85%
12.25,6.24485449506968,12.48970899013936,100.0,median of observed 5-degree angular bins; partial if coverage below 85%
12.5,6.23748843010022,12.47497686020044,100.0,median of observed 5-degree angular bins; partial if coverage below 85%
12.75,6.220950242474181,12.441900484948363,100.0,median of observed 5-degree angular bins; partial if coverage below 85%
13.0,6.240778184439417,12.481556368878834,100.0,median of observed 5-degree angular bins; partial if coverage below 85%
13.25,6.258880289662067,12.517760579324134,100.0,median of observed 5-degree angular bins; partial if coverage below 85%
13.5,6.274836762980718,12.549673525961436,100.0,median of observed 5-degree angular bins; partial if coverage below 85%
13.75,6.278472826477483,12.556945652954965,100.0,median of observed 5-degree angular bins; partial if coverage below 85%
14.0,6.273214955073323,12.546429910146646,100.0,median of observed 5-degree angular bins; partial if coverage below 85%
14.25,6.273963670624417,12.547927341248833,100.0,median of observed 5-degree angular bins; partial if coverage below 85%
14.5,6.27340202340549,12.54680404681098,100.0,median of observed 5-degree angular bins; partial if coverage below 85%
14.75,6.269474763244358,12.538949526488716,100.0,median of observed 5-degree angular bins; partial if coverage below 85%
15.0,6.267858362473875,12.53571672494775,100.0,median of observed 5-degree angular bins; partial if coverage below 85%
15.25,6.271085354406058,12.542170708812115,100.0,median of observed 5-degree angular bins; partial if coverage below 85%
15.5,6.257676991925142,12.515353983850284,100.0,median of observed 5-degree angular bins; partial if coverage below 85%
15.75,6.249431560823232,12.498863121646464,100.0,median of observed 5-degree angular bins; partial if coverage below 85%
16.0,6.252416896993582,12.504833793987164,100.0,median of observed 5-degree angular bins; partial if coverage below 85%
16.25,6.249124138913731,12.498248277827463,100.0,median of observed 5-degree angular bins; partial if coverage below 85%
16.5,6.2499341509044495,12.499868301808899,100.0,median of observed 5-degree angular bins; partial if coverage below 85%
16.75,6.244826431642565,12.48965286328513,100.0,median of observed 5-degree angular bins; partial if coverage below 85%
17.0,6.238945422351147,12.477890844702294,100.0,median of observed 5-degree angular bins; partial if coverage below 85%
17.25,6.243751564745303,12.487503129490605,100.0,median of observed 5-degree angular bins; partial if coverage below 85%
17.5,6.240723850523076,12.481447701046152,100.0,median of observed 5-degree angular bins; partial if coverage below 85%
17.75,6.242802415510542,12.485604831021083,100.0,median of observed 5-degree angular bins; partial if coverage below 85%
18.0,6.246366190785179,12.492732381570358,100.0,median of observed 5-degree angular bins; partial if coverage below 85%
18.25,6.248058067753131,12.496116135506263,100.0,median of observed 5-degree angular bins; partial if coverage below 85%
18.5,6.2545151109660875,12.509030221932175,100.0,median of observed 5-degree angular bins; partial if coverage below 85%
18.75,6.263523298825379,12.527046597650758,100.0,median of observed 5-degree angular bins; partial if coverage below 85%
19.0,6.259085486318667,12.518170972637334,100.0,median of observed 5-degree angular bins; partial if coverage below 85%
19.25,6.2709072164668225,12.541814432933645,100.0,median of observed 5-degree angular bins; partial if coverage below 85%
19.5,6.281898350808328,12.563796701616656,100.0,median of observed 5-degree angular bins; partial if coverage below 85%
19.75,6.288662488155966,12.577324976311932,100.0,median of observed 5-degree angular bins; partial if coverage below 85%
20.0,6.296787432959174,12.593574865918349,100.0,median of observed 5-degree angular bins; partial if coverage below 85%
20.25,6.293675570476378,12.587351140952755,100.0,median of observed 5-degree angular bins; partial if coverage below 85%
20.5,6.280227233087846,12.560454466175692,100.0,median of observed 5-degree angular bins; partial if coverage below 85%
20.75,6.270288585145004,12.540577170290009,100.0,median of observed 5-degree angular bins; partial if coverage below 85%
21.0,6.272912892869824,12.545825785739648,100.0,median of observed 5-degree angular bins; partial if coverage below 85%
21.25,6.278532360909623,12.557064721819247,100.0,median of observed 5-degree angular bins; partial if coverage below 85%
21.5,6.275852485231992,12.551704970463984,100.0,median of observed 5-degree angular bins; partial if coverage below 85%
21.75,6.264323254248094,12.528646508496188,100.0,median of observed 5-degree angular bins; partial if coverage below 85%
22.0,6.269034824272232,12.538069648544464,100.0,median of observed 5-degree angular bins; partial if coverage below 85%
22.25,6.274312131517144,12.548624263034288,100.0,median of observed 5-degree angular bins; partial if coverage below 85%
22.5,6.282783320757842,12.565566641515684,100.0,median of observed 5-degree angular bins; partial if coverage below 85%
22.75,6.270092708415008,12.540185416830017,100.0,median of observed 5-degree angular bins; partial if coverage below 85%
23.0,6.246868984131973,12.493737968263947,100.0,median of observed 5-degree angular bins; partial if coverage below 85%
23.25,6.229739726780867,12.459479453561734,100.0,median of observed 5-degree angular bins; partial if coverage below 85%
23.5,6.163984095120548,12.327968190241096,79.16666666666666,median of observed 5-degree angular bins; partial if coverage below 85%
24.26005165061907,6.247861730125572,12.495723460251144,,completed planar cap endpoint using baseline radius
