z_mm,section_points,angular_coverage_percent,circle_center_x_mm,circle_center_y_mm,fitted_circle_diameter_mm,median_radius_from_fixed_axis_mm,fixed_axis_radius_p05_mm,fixed_axis_radius_p95_mm,opposed_width_min_mm,opposed_width_max_mm,opposed_width_spread_mm,angular_radius_residual_p95_mm
0.25,206,66.66666666666666,0.5373039703002771,0.24243343915971427,11.827852958736957,6.212136086200447,5.353830356203558,6.610677506751461,11.701487453916966,12.045729455364079,0.34424200144711214,0.3184388426874017
0.5,249,73.61111111111111,0.14714069797045398,0.19271440459102723,12.73032915651965,6.286101875290386,6.108487532229673,6.695684251458649,12.546700900563893,12.895451564747539,0.34875066418364575,0.12293644310279568
0.75,344,84.72222222222221,0.09804603837154958,0.1287885765304335,13.0186978709372,6.436925912086728,6.332779445893111,6.731913003511988,12.899884860958199,13.181319135189966,0.28143427423176703,0.11579922890037064
1.0,451,100.0,0.053971792436688426,0.08551328729639525,13.056414651458478,6.514733192818538,6.382789916935297,6.706795044525499,12.949337306990596,13.178351651730898,0.22901434474030147,0.10366540548789588
1.25,452,100.0,0.03194033356773,0.0427489142716131,12.98719913147222,6.498512635686294,6.395497935207705,6.580815876481847,12.873929932600682,13.093829149774177,0.21989921717349503,0.08905366192038554
1.5,459,100.0,0.019101109680936937,0.00791778920688694,12.836953825657432,6.427788741261721,6.342800404945813,6.464106060997218,12.729279703270715,12.951018858180165,0.22173915490945006,0.08131943086601126
1.75,466,100.0,0.019550936155253697,-0.006503647959603619,12.660494240082764,6.331181437666916,6.263787595164373,6.387352887475349,12.566649571698235,12.815971748334187,0.24932217663595146,0.07131009798640338
2.0,456,100.0,0.01259934614299516,-0.01148616922855065,12.504323085674901,6.2515719322428716,6.18433675375897,6.315559742991839,12.407368275461604,12.699166746089997,0.29179847062839315,0.07959360072140016
2.25,428,100.0,0.012287575324965475,-0.010079815567867769,12.387197400704553,6.187920448026356,6.124928713519767,6.262319213022514,12.270255991920763,12.565673390186745,0.29541739826598246,0.07705885296783956
2.5,450,100.0,0.0064479110196980684,-0.0037530292180427173,12.35096513325832,6.171151676633238,6.108422680141355,6.241215253990993,12.259425163767524,12.463626166616226,0.20420100284870202,0.07730343962418251
2.75,468,100.0,-0.003371509101969187,0.0014084958466457464,12.348003959663929,6.177691008857321,6.086219157785611,6.239969689270597,12.183400972183831,12.493639127499428,0.31023815531559684,0.09740110778829393
3.0,451,100.0,-0.0031130792755024585,0.010729877068265486,12.339938717114501,6.172252465110947,6.068454219043452,6.234757075433402,12.206135047689408,12.490527587499924,0.2843925398105167,0.10604584111979713
3.25,462,100.0,0.0008403444747278052,0.016917182913547355,12.322673474631323,6.161783208912095,6.071560180240603,6.238834257447777,12.171169377221226,12.490165788077949,0.31899641085672314,0.1033239898473382
3.5,453,100.0,0.0036037288878946,0.015868741249326142,12.350221740228536,6.175041626502388,6.0857210356678575,6.260816410096786,12.08989970466879,12.512726382591904,0.4228266779231138,0.09496961165185827
3.75,461,100.0,0.003951763884832364,0.01339736900844764,12.39239714764478,6.199111613213036,6.107546604295288,6.274992099484613,12.161418542022984,12.549391523138192,0.38797298111520817,0.1031039552230039
4.0,468,100.0,0.004756475584042079,0.016614077509901667,12.425326285618736,6.217199546834987,6.125152593245131,6.298492137581245,12.268069818097626,12.596574006394825,0.32850418829719885,0.09837185753821354
4.25,473,100.0,0.006594719888693112,0.017262290378837836,12.454624808740578,6.22825740545386,6.159997247832064,6.308791739553483,12.328473541920221,12.618983016798545,0.29050947487832346,0.0839775977098518
4.5,480,100.0,0.005494850556404712,0.01372009817788997,12.476793159635982,6.238251265443974,6.173843708638439,6.305141094763366,12.327359327747288,12.622830590874957,0.29547126312766814,0.08410819521452116
4.75,486,100.0,0.006304159655115176,0.010559610154607628,12.46855644812165,6.236223406582464,6.1495598337957045,6.287144406690325,12.312336729739247,12.558411982957509,0.24607525321826174,0.08361820886433487
5.0,486,100.0,0.008158679406651744,0.009829658306996215,12.458182835841358,6.228097132022522,6.160079867284039,6.301698466317493,12.35567316818032,12.577023618609783,0.2213504504294619,0.08749608602601688
5.25,493,100.0,0.0012635454068342783,0.010179358899037826,12.450205756561713,6.2249324913669035,6.158178723075305,6.296769735311387,12.310924317785936,12.614485596859081,0.30356127907314523,0.08736988141929293
5.5,479,100.0,-0.004223451114292063,0.00035752016666236593,12.44784128434236,6.223677876977039,6.154345115015575,6.289933258935006,12.296654476871714,12.558006437229182,0.26135196035746766,0.0886980083155688
5.75,481,100.0,-0.00551800478157561,-0.007258035282028601,12.453058897410129,6.228131456590191,6.158843336165486,6.28335433568254,12.295491404357826,12.5757427680434,0.2802513636855739,0.08347552363605867
6.0,487,100.0,-0.004609041384702044,-0.005596362122829664,12.460121842879659,6.232391624371676,6.151585026596769,6.287756254691759,12.314705456404432,12.574387942971946,0.25968248656751314,0.08265585428472622
6.25,478,100.0,-0.011559477206500177,-0.007364161254045126,12.450945367785401,6.231775308128979,6.1310750520643795,6.299655335604712,12.29714773098323,12.553264024442724,0.2561162934594936,0.10248390828306425
6.5,470,100.0,-0.015143567510525266,-0.010487560277365875,12.438684497468502,6.217128578871392,6.13112536782798,6.317892009472648,12.302245543667715,12.57562274894198,0.2733772052742651,0.1059344696141957
6.75,474,100.0,-0.016516830725554203,-0.014990477748455317,12.43670907376572,6.215807734762036,6.121283103286358,6.307222737188845,12.243374441677652,12.567737228177007,0.32436278649935524,0.10462387045979787
7.0,469,100.0,-0.016250984843532615,-0.011092417606398461,12.446969531547879,6.219932052366994,6.126952220618661,6.311934175340839,12.300655159139707,12.608818392678552,0.30816323353884556,0.10091319660011691
7.25,466,100.0,-0.01734606462583885,-0.0040019688718492714,12.478445766841116,6.243443402799359,6.139688727989177,6.32074868839133,12.24911521733957,12.605329195467172,0.35621397812760236,0.0965379629734327
7.5,462,100.0,-0.013078340696082285,0.022660719462859094,12.480186424746677,6.242236287426218,6.1496019422412225,6.318816650988583,12.351086224308727,12.648969709807222,0.2978834854984953,0.096106578065029
7.75,465,100.0,0.00252143734122922,0.03214639745967182,12.485601844786252,6.246424120697514,6.145812744104883,6.318916946982544,12.32268333334544,12.625047791056062,0.30236445771062215,0.08955161899871417
8.0,462,100.0,0.02156672434749752,0.03183553094778889,12.49107987872239,6.234251799981969,6.151578996110935,6.315671521125435,12.321720934935087,12.6190370551121,0.2973161201770136,0.07451388404596414
8.25,479,100.0,0.026576250306881422,0.02260219061748641,12.49002313241289,6.2431414895907515,6.161974240524855,6.3092694661973265,12.351843759936923,12.619814437888781,0.26797067795185825,0.08117321270591936
8.5,468,100.0,0.019859696867428018,0.019180935034115765,12.487298218392223,6.241148442719431,6.178883842338325,6.311353450820859,12.362491670212158,12.622708971964897,0.26021730175273916,0.08381568158981792
8.75,486,100.0,0.01728736826212015,0.018366104531433617,12.503243300303204,6.248489665591837,6.185109848872453,6.316338030455781,12.373691360096227,12.616763245245014,0.24307188514878675,0.07392351125751022
9.0,493,100.0,0.01797747788162882,0.011342201141883463,12.520400359196342,6.253611043350867,6.185709490242267,6.325340156658134,12.436681255632408,12.625540633340119,0.18885937770771122,0.06775673940400237
9.25,492,100.0,0.019090055507156308,0.003224698648261565,12.533934625073492,6.267724817963019,6.210697775636431,6.319287046732616,12.409225990186862,12.61494693164104,0.20572094145417807,0.06914701320621833
9.5,491,100.0,0.014573494304746604,-0.001486829205557724,12.525709931800474,6.258879416718349,6.206917779945721,6.309372647551495,12.434887722279212,12.667908487925637,0.23302076564642427,0.06468144770993277
9.75,489,100.0,0.004787087436276769,-0.007297352589776075,12.507812949678,6.256127144426253,6.194794524162699,6.307841563618023,12.391815096864764,12.609834366204893,0.21801926934012883,0.0660148024094808
10.0,488,100.0,-0.001888465383074869,-0.012878237539672816,12.490418231544673,6.248662918112846,6.176878078332899,6.305809577288717,12.347922030834983,12.60692185643796,0.2589998256029773,0.07190680174832874
10.25,490,100.0,-0.004330895973761294,-0.01702192721267498,12.48105845862696,6.244328447537156,6.166597760625701,6.290467632312354,12.346673710120955,12.57339234588731,0.2267186357663551,0.0684603597037564
10.5,486,100.0,-0.010256090521797837,-0.013440099595591856,12.470193812678357,6.2375985659570805,6.168197058103197,6.285048241687254,12.338734246668196,12.549552244160992,0.2108179974927964,0.06942005771964972
10.75,484,100.0,-0.010352428964431773,-0.01047632280437219,12.465904073976159,6.231098903472574,6.170621799133288,6.288107083170653,12.339770479964411,12.566585671134927,0.22681519117051607,0.07053780696125651
11.0,495,100.0,-0.013232655583557585,-0.007564434721947308,12.467610065543695,6.234501053952169,6.1815689691184925,6.296298443303074,12.349642246764379,12.550059452260587,0.20041720549620834,0.07722680104477733
11.25,508,100.0,-0.013301462707008323,-0.00929127869089294,12.47203521630917,6.242055109929381,6.178471536465935,6.286146735569034,12.364338118174462,12.568951700473905,0.2046135822994426,0.06159001281511572
11.5,487,100.0,-0.010104713304056703,-0.011384417052099232,12.481188743086868,6.2426712343925,6.18342347221339,6.280604359662476,12.38717266618708,12.568992235365542,0.18181956917846165,0.0588514475166095
11.75,483,100.0,-0.007096685067855609,-0.009437788521479763,12.490587733089432,6.2453362438448785,6.187162633439294,6.297146078043115,12.386090692931656,12.564882769229529,0.17879207629787253,0.06801393351115508
12.0,488,100.0,-0.004846153892558004,-0.012802408851286683,12.48942372537996,6.2431960617462545,6.183186031787271,6.305028330202953,12.348548110126703,12.564621621366708,0.21607351124000473,0.06136728008809225
12.25,490,100.0,0.0015313740205823564,-0.016309846874715112,12.477608062342386,6.24485449506968,6.166254839036519,6.295949447525051,12.298523640782452,12.56267692784839,0.26415328706593755,0.07274818149777254
12.5,483,100.0,0.008688383598971316,-0.012683137894828677,12.457889081654308,6.23748843010022,6.1458083531448215,6.294457931368641,12.253976592269632,12.580904437141115,0.3269278448714825,0.09379160874038887
12.75,486,100.0,0.012224290111752899,-0.006486645610512746,12.446074428571729,6.220950242474181,6.144624764109864,6.279160842675215,12.272085056285476,12.554107686286645,0.282022630001169,0.08317264431960289
13.0,484,100.0,0.01172562788384501,0.002435347840300287,12.481104692807516,6.240778184439417,6.177732499241744,6.305553265921621,12.333763080722107,12.587767920886606,0.2540048401644981,0.07106509202825645
13.25,482,100.0,0.004236468232462169,0.005238854881544008,12.51483092634549,6.258880289662067,6.187492646747764,6.324113431762233,12.37436226838077,12.600951305577716,0.22658903719694656,0.08074069756420058
13.5,487,100.0,0.003009027406738613,0.0004781946025061386,12.535017872312002,6.274836762980718,6.198271089208112,6.330457616583813,12.394625178699538,12.670011339462011,0.2753861607624728,0.08764012843902994
13.75,476,100.0,-0.0009574561634096807,-0.006414703556448044,12.54818621961591,6.278472826477483,6.205438726666441,6.336569338305471,12.409163962983207,12.658564163381474,0.2494002003982665,0.07645141728092633
14.0,491,100.0,-0.00211874858609617,-0.012089366537692723,12.544386440184974,6.273214955073323,6.210179131383837,6.3264499633991695,12.42601168138009,12.665611869626941,0.23960018824685214,0.07438387600776533
14.25,505,100.0,0.00043770841179759996,-0.014054468640257181,12.538834543162245,6.273963670624417,6.215105310362409,6.337955244104269,12.432262708908112,12.70025321174018,0.2679905028320668,0.06731271295772663
14.5,476,100.0,-0.002806479852467207,-0.015081609884057913,12.536695576494495,6.27340202340549,6.2065713722673825,6.340851534584309,12.39992004140549,12.682799682215478,0.2828796408099876,0.07442858688810033
14.75,472,100.0,-0.001622530171488619,-0.010981195030978599,12.532977560442992,6.269474763244358,6.202523901656047,6.317922711683292,12.366530906039102,12.666857372847415,0.300326466808313,0.077591458385789
15.0,491,100.0,-0.0071423053272548324,-0.00833080791326609,12.531107313950278,6.267858362473875,6.196546763188365,6.33007232459117,12.342646278114149,12.646841405645231,0.3041951275310826,0.07683872646966998
15.25,482,100.0,-0.002453993947635439,-0.004825772424157422,12.528207963005254,6.271085354406058,6.181655850881098,6.311255618575451,12.360814415728486,12.606546120294153,0.24573170456566729,0.08214435197172293
15.5,479,100.0,0.0023436079551707747,-0.002489116044801832,12.509649900388217,6.257676991925142,6.183237169203703,6.310800336892522,12.385060955476055,12.613372531663277,0.2283115761872221,0.06824804519289815
15.75,480,100.0,0.003990319351895385,0.0013718557576067737,12.504920479344516,6.249431560823232,6.182638898745239,6.3054481644927165,12.369578786700263,12.598280571591372,0.22870178489110948,0.07305861842607488
16.0,480,100.0,-0.006822670612849731,0.0028415695946174394,12.506421026728228,6.252416896993582,6.177341568747324,6.310349472529731,12.401751143104697,12.680189256192584,0.278438113087887,0.07499329219406295
16.25,489,100.0,-0.013842471047834674,0.007466623770692561,12.500890380094306,6.249124138913731,6.1861256231903,6.314879012259031,12.393629301541907,12.604586151813894,0.2109568502719874,0.06957787612124477
16.5,493,100.0,-0.022049637168830138,0.006978632659084249,12.493854248951145,6.2499341509044495,6.179823003601733,6.319886619847632,12.358712191747736,12.628460517039265,0.2697483252915287,0.08267552813760079
16.75,476,100.0,-0.030405241800397366,0.00540860112330995,12.501749006261225,6.244826431642565,6.165015843852884,6.346198883420514,12.366322907600942,12.642588746612654,0.2762658390117121,0.10181204718772505
17.0,478,100.0,-0.02467399176214732,-0.0016418377627445912,12.503982362415961,6.238945422351147,6.168651001633704,6.3473061436321405,12.382466133282957,12.632317982588436,0.24985184930547888,0.09710560399841357
17.25,460,100.0,-0.01543406190642107,-0.004871836338858865,12.498306087819595,6.243751564745303,6.159205101994526,6.327397917738175,12.351401034400972,12.629193260652261,0.2777922262512895,0.09630237704606551
17.5,468,100.0,-0.001911179066865447,0.003798043402559495,12.486225816768508,6.240723850523076,6.167461092040707,6.322750371039476,12.35372863894355,12.674610351788925,0.3208817128453738,0.09973688901374712
17.75,473,100.0,0.009613105385630928,0.01037107290272134,12.484498485340842,6.242802415510542,6.174064790771381,6.31495504978042,12.357831890942332,12.608412733946647,0.2505808430043146,0.0794077970318047
18.0,474,100.0,0.014396098247763695,0.0040420335646316734,12.48752638669113,6.246366190785179,6.17268919269034,6.323108675219762,12.343095455464653,12.628809054099122,0.28571359863446943,0.07577682510042393
18.25,462,100.0,0.013317900410336897,0.0065278542093779495,12.496223167690781,6.248058067753131,6.172462816629503,6.320213763047388,12.3586743283691,12.633128269481485,0.27445394111238564,0.07892505454573326
18.5,462,100.0,0.014228358415992367,0.013787061134956041,12.513919858482982,6.2545151109660875,6.1808670804085395,6.3276434339045355,12.338211146393636,12.669425671270133,0.33121452487649705,0.08011273124861487
18.75,465,100.0,0.013753992780485457,0.011163221800514163,12.530762109893715,6.263523298825379,6.167081825759591,6.3451113202071925,12.359058372221321,12.698005388845289,0.3389470166239672,0.10866156702487278
19.0,449,100.0,0.018388166445042122,0.004167244571257046,12.533513785408513,6.259085486318667,6.166379779170782,6.345882571238207,12.360465797651278,12.699553872216029,0.3390880745647511,0.09904363002086647
19.25,463,100.0,0.01679682615563747,0.003964812230435806,12.545564061245198,6.2709072164668225,6.173023411763572,6.357551741197359,12.399214094071539,12.711546705157893,0.31233261108635446,0.10161714417850409
19.5,485,100.0,0.00414654818256151,0.011221318209069126,12.56243189450117,6.281898350808328,6.1857787341041695,6.361120169907764,12.385944474043153,12.739104250438844,0.3531597763956906,0.10322861852791788
19.75,480,100.0,0.0002777668722430248,0.014954263938913132,12.575566101652225,6.288662488155966,6.196707446445175,6.358785173051719,12.386388018034438,12.722432893240587,0.3360448752061487,0.10576921468842926
20.0,466,100.0,-0.011192140759069446,0.016368363379775527,12.579818356940342,6.296787432959174,6.200323397326708,6.364734573192947,12.418391895949519,12.703906271522609,0.28551437557309,0.08537575029541294
20.25,477,100.0,-0.012764126566484211,0.012464940695443977,12.576662874882329,6.293675570476378,6.211584916024349,6.368533269102426,12.399738434659671,12.697632077890383,0.29789364323071155,0.08699733814924167
20.5,469,100.0,-0.01614347702829991,0.005062438213110735,12.564205160001036,6.280227233087846,6.221473201622767,6.357430309718608,12.40834352421236,12.682684001300554,0.2743404770881952,0.07436520110700903
20.75,472,100.0,-0.01828769316669665,0.0023815979366562075,12.546608386710806,6.270288585145004,6.212103208636356,6.3445937040667815,12.400150464325328,12.703659667175897,0.30350920285056837,0.07048907975626913
21.0,482,100.0,-0.02189732869029626,0.0072067088475541285,12.548356216508973,6.272912892869824,6.199638432278346,6.35442635212071,12.394961466416886,12.679276308534416,0.28431484211752966,0.08416320806129995
21.25,472,100.0,-0.020516991016160797,0.011598772728674758,12.54838825356079,6.278532360909623,6.197211937858273,6.358046644247407,12.369485471084424,12.719472922595369,0.3499874515109447,0.08940117744435204
21.5,475,100.0,-0.01806279316630763,0.01061755410790832,12.549227788874571,6.275852485231992,6.191567440581686,6.354052542435395,12.379918423681456,12.690390019252014,0.3104715955705579,0.09448973892637857
21.75,475,100.0,-0.0033031829781700636,0.010684035500863252,12.542968038750933,6.264323254248094,6.188868259207135,6.376119153872342,12.355606269739232,12.699780445359636,0.3441741756204042,0.11001043363110825
22.0,470,100.0,-0.007836359334403542,0.01494282874473476,12.550549181804152,6.269034824272232,6.187306780526565,6.377941683226871,12.365279727916466,12.70991689154739,0.34463716363092445,0.11293666664786588
22.25,478,100.0,-0.019036873159721367,0.02282257245166005,12.556163023001421,6.274312131517144,6.187231443925343,6.382662256615057,12.374101365968944,12.739360648952633,0.3652592829836898,0.11436449587353646
22.5,472,100.0,-0.03217696417024533,0.032479705707499765,12.557471249819457,6.282783320757842,6.162197948127661,6.391493746998696,12.356897747076179,12.742791474531206,0.38589372745502715,0.12282358532451446
22.75,495,100.0,-0.02447550437941089,0.02484439196009696,12.542798302126169,6.270092708415008,6.164724347557383,6.374636467740444,12.321379277696387,12.739571814185066,0.4181925364886787,0.11503550110018403
23.0,477,100.0,-0.025349525736051547,0.021248062872520648,12.516759466503858,6.246868984131973,6.1475612847186385,6.368901931529539,12.324809353940807,12.70617986054789,0.38137050660708205,0.11676270438043859
23.25,433,100.0,-0.014554541911079646,0.013218237214719633,12.477813062057724,6.229739726780867,6.144789102640289,6.351800033478653,12.30847792399941,12.66614723841635,0.35766931441694005,0.11224394315878904
23.5,264,79.16666666666666,0.045702576404755516,0.008067331339783405,12.356484925859261,6.163984095120548,6.096911628094468,6.33398138764929,12.227262017290467,12.659284406861328,0.4320223895708608,0.1459547786954461
23.75,145,48.61111111111111,0.19157456485934898,-0.013029868826340963,12.188985073266712,6.082708651774963,5.966453674043008,6.29818555370071,12.097208682831617,12.594135135161062,0.4969264523294452,0.17161388228109264
24.0,127,47.22222222222222,0.2699244144312479,-0.01615227842563066,11.90695639147999,6.001789215912969,5.783132125205553,6.265442041667109,11.763613088750294,12.36148665604136,0.5978735672910656,0.14036764038030392
